VulnID,Severity,STIGID,RuleTitle,SettingType,AdvancedSettingData,RequiredHardenedValue,Notes
V-94563,low,VMCH-65-000001,Copy operations must be disabled on the virtual machine.,AdvancedSettingType,isolation.tools.copy.disable,TRUE,
V-94565,low,VMCH-65-000002,Drag and drop operations must be disabled on the virtual machine.,AdvancedSettingType,isolation.tools.dnd.disable,TRUE,
V-94567,low,VMCH-65-000003,GUI functionality for copy/paste operations must be disabled on the virtual machine.,AdvancedSettingType,isolation.tools.setGUIOptions.enable,FALSE,
V-94569,low,VMCH-65-000004,Paste operations must be disabled on the virtual machine.,AdvancedSettingType,isolation.tools.paste.disable,TRUE,
V-94571,medium,VMCH-65-000005,Virtual disk shrinking must be disabled on the virtual machine.,AdvancedSettingType,isolation.tools.diskShrink.disable,TRUE,
V-94573,medium,VMCH-65-000006,Virtual disk erasure must be disabled on the virtual machine.,AdvancedSettingType,isolation.tools.diskWiper.disable,TRUE,
V-94575,medium,VMCH-65-000007,"Independent, non-persistent disks must be not be used on the virtual machine.",Custom,,,"If the virtual machine has attached disks that are in independent nonpersistent mode and are not documented, this is a finding."
V-94577,medium,VMCH-65-000008,HGFS file transfers must be disabled on the virtual machine.,AdvancedSettingType,isolation.tools.hgfsServerSet.disable,TRUE,
V-94579,low,VMCH-65-000009,The unexposed feature keyword isolation.tools.ghi.autologon.disable must be set on the virtual machine.,AdvancedSettingType,isolation.tools.ghi.autologon.disable,TRUE,
V-94581,low,VMCH-65-000012,The unexposed feature keyword isolation.tools.ghi.launchmenu.change must be set on the virtual machine.,AdvancedSettingType,isolation.tools.ghi.launchmenu.change,TRUE,
V-94583,low,VMCH-65-000013,The unexposed feature keyword isolation.tools.memSchedFakeSampleStats.disable must be set on the virtual machine.,AdvancedSettingType,isolation.tools.memSchedFakeSampleStats.disable,TRUE,
V-94585,low,VMCH-65-000014,The unexposed feature keyword isolation.tools.ghi.protocolhandler.info.disable must be set on the virtual machine.,AdvancedSettingType,isolation.tools.ghi.protocolhandler.info.disable,TRUE,
V-94593,low,VMCH-65-000015,The unexposed feature keyword isolation.ghi.host.shellAction.disable must be set on the virtual machine.,AdvancedSettingType,isolation.ghi.host.shellAction.disable,TRUE,
V-94595,low,VMCH-65-000018,The unexposed feature keyword isolation.tools.ghi.trayicon.disable must be set on the virtual machine.,AdvancedSettingType,isolation.tools.ghi.trayicon.disable,TRUE,
V-94597,low,VMCH-65-000019,The unexposed feature keyword isolation.tools.unity.disable must be set on the virtual machine.,AdvancedSettingType,isolation.tools.unity.disable,TRUE,
V-94599,low,VMCH-65-000020,The unexposed feature keyword isolation.tools.unityInterlockOperation.disable must be set on the virtual machine.,AdvancedSettingType,isolation.tools.unityInterlockOperation.disable,TRUE,
V-94601,low,VMCH-65-000021,The unexposed feature keyword isolation.tools.unity.push.update.disable must be set on the virtual machine.,AdvancedSettingType,isolation.tools.unity.push.update.disable,TRUE,
V-94603,low,VMCH-65-000022,The unexposed feature keyword isolation.tools.unity.taskbar.disable must be set on the virtual machine.,AdvancedSettingType,isolation.tools.unity.taskbar.disable,TRUE,
V-94605,low,VMCH-65-000023,The unexposed feature keyword isolation.tools.unityActive.disable must be set on the virtual machine.,AdvancedSettingType,isolation.tools.unityActive.disable,TRUE,
V-94607,low,VMCH-65-000024,The unexposed feature keyword isolation.tools.unity.windowContents.disable must be set on the virtual machine.,AdvancedSettingType,isolation.tools.unity.windowContents.disable,TRUE,
V-94609,low,VMCH-65-000025,"The unexposed feature keyword isolation.tools.vmxDnDVersionGet.disable must be set on the virtual machine.
",AdvancedSettingType,isolation.tools.vmxDnDVersionGet.disable,TRUE,
V-94611,low,VMCH-65-000026,The unexposed feature keyword isolation.tools.guestDnDVersionSet.disable must be set on the virtual machine.,AdvancedSettingType,isolation.tools.guestDnDVersionSet.disable,TRUE,
V-94613,medium,VMCH-65-000028,Unauthorized floppy devices must be disconnected on the virtual machine.,Custom,,,"If a virtual machine has a floppy drive connected, this is a finding."
V-94615,low,VMCH-65-000029,Unauthorized CD/DVD devices must be disconnected on the virtual machine.,Custom,,,"If a virtual machine has a CD/DVD drive connected other than temporarily, this is a finding."
V-94617,medium,VMCH-65-000030,Unauthorized parallel devices must be disconnected on the virtual machine.,Custom,,,"If a virtual machine has a parallel device present, this is a finding."
V-94619,medium,VMCH-65-000031,Unauthorized serial devices must be disconnected on the virtual machine.,Custom,,,"If a virtual machine has a serial device present, this is a finding."
V-94621,medium,VMCH-65-000032,Unauthorized USB devices must be disconnected on the virtual machine.,Custom,,,"If a virtual machine has any USB devices or USB controllers present, this is a finding.
If USB smart card readers are used to pass smart cards through the VM console to a VM then the use of a USB controller and USB devices for that purpose is not a finding."
V-94623,medium,VMCH-65-000033,Console connection sharing must be limited on the virtual machine.,AdvancedSettingType,RemoteDisplay.maxConnections,1,
V-94625,medium,VMCH-65-000034,Console access through the VNC protocol must be disabled on the virtual machine.,AdvancedSettingType,RemoteDisplay.vnc.enabled,FALSE,
V-94627 ,low,VMCH-65-000036,Informational messages from the virtual machine to the VMX file must be limited on the virtual machine.,AdvancedSettingType,tools.setinfo.sizeLimit,1048576,
V-94629,medium,VMCH-65-000037,"Unauthorized removal, connection and modification of devices must be prevented on the virtual machine.",AdvancedSettingType,isolation.device.connectable.disable,TRUE,
V-94631,medium,VMCH-65-000039,The virtual machine must not be able to obtain host information from the hypervisor.,AdvancedSettingType,tools.guestlib.enableHostInfo,FALSE,
V-94633,low,VMCH-65-000040,Shared salt values must be disabled on the virtual machine.,Custom,sched.mem.pshare.salt,,"If the virtual machine advanced setting sched.mem.pshare.salt exists, this is a finding."
V-94635,low,VMCH-65-000041,Access to virtual machines through the dvfilter network APIs must be controlled.,Custom,"""ethernet*.filter*.name*""",,"If the virtual machine advanced setting ethernet*.filter*.name exists and dvfilters are not in use, this is a finding.
If the virtual machine advanced setting ethernet*.filter*.name exists and the value is not valid, this is a finding."
V-94637,low,VMCH-65-000042,System administrators must use templates to deploy virtual machines whenever possible.,Info,,,"Ask the SA if hardened, patched templates are used for VM creation, properly configured OS deployments, including applications both dependent and non-dependent on VM-specific configurations.
If hardened, patched templates are not used for VM creation, this is a finding."
V-94639,medium,VMCH-65-000043,Use of the virtual machine console must be minimized.,Info,,,"Ask the SA if a VM console is used to perform VM management tasks, other than for troubleshooting VM issues. 
If a VM console is used to perform VM management tasks, other than for troubleshooting VM issues, this is a finding. 
If SSH and/or terminal management services are exclusively used to perform management tasks, this is not a finding."
V-94641,medium,VMCH-65-000044,The virtual machine guest operating system must be locked when the last console connection is closed.,AdvancedSettingType,tools.guest.desktop.autolock,TRUE,
V-94643,low,VMCH-65-000045,3D features on the virtual machine must be disabled when not required.,AdvancedSettingType,mks.enable3d,FALSE,"If a virtual machine requires 3D features, this is not a finding."
V-94645,medium,VMCH-65-000046,Encryption must be enabled for vMotion on the virtual machine.,Custom,,,"If the setting does not have a value of ""Opportunistic"" or ""Required"", this is a finding."
V-94647,medium,VMCH-65-000047,The virtual machine guest operating system must be locked when the last console connection is closed.,AdvancedSettingType,tools.guest.desktop.autolock,TRUE,
V-94649,low,VMCH-65-000048,3D features on the virtual machine must be disabled when not required.,AdvancedSettingType,mks.enable3d,FALSE,
V-94651,medium,VMCH-65-000049,Encryption must be enabled for vMotion on the virtual machine.,Custom,,,"If the setting does not have a value of ""Opportunistic"" or ""Required"", this is a finding."
